{
  "epoch": 9,
  "total_samples": 90,
  "average_loss": 0.2914362772856826,
  "timestamp": 1770262318.079613,
  "model": "Mock SAM Model"
}