{
  "epoch": 33,
  "total_samples": 330,
  "average_loss": 0.2942774049761206,
  "timestamp": 1770262751.75891,
  "model": "Mock SAM Model"
}