{
  "epoch": 36,
  "total_samples": 360,
  "average_loss": 0.2962280841217141,
  "timestamp": 1770262805.9445271,
  "model": "Mock SAM Model"
}