{
  "epoch": 51,
  "total_samples": 510,
  "average_loss": 0.35466107824102366,
  "timestamp": 1770263088.990077,
  "model": "Mock SAM Model"
}