{
  "epoch": 12,
  "total_samples": 120,
  "average_loss": 0.3018147566014192,
  "timestamp": 1770262371.553317,
  "model": "Mock SAM Model"
}