{
  "epoch": 27,
  "total_samples": 270,
  "average_loss": 0.27786837341647386,
  "timestamp": 1770262642.2193122,
  "model": "Mock SAM Model"
}