{
  "epoch": 48,
  "total_samples": 480,
  "average_loss": 0.26290098309903187,
  "timestamp": 1770263033.2266471,
  "model": "Mock SAM Model"
}