{
  "epoch": 42,
  "total_samples": 420,
  "average_loss": 0.22412022511211416,
  "timestamp": 1770262923.517084,
  "model": "Mock SAM Model"
}