{
  "epoch": 21,
  "total_samples": 210,
  "average_loss": 0.273595822593372,
  "timestamp": 1770262529.284318,
  "model": "Mock SAM Model"
}