{
  "epoch": 3,
  "total_samples": 27,
  "average_loss": 0.26022609900002047,
  "timestamp": 1770261884.62009,
  "model": "Mock SAM Model"
}