{
  "epoch": 39,
  "total_samples": 390,
  "average_loss": 0.33338383870810934,
  "timestamp": 1770262864.8814158,
  "model": "Mock SAM Model"
}