{
  "epoch": 18,
  "total_samples": 180,
  "average_loss": 0.27074157259287046,
  "timestamp": 1770262476.666263,
  "model": "Mock SAM Model"
}