{
  "epoch": 45,
  "total_samples": 450,
  "average_loss": 0.2788196237310723,
  "timestamp": 1770262976.15769,
  "model": "Mock SAM Model"
}